review_text,pred_llm
"Gak nyesel beli di sini, barangnya ok punya",positif
"Bagus sih kalau tujuannya buat dibuang, baru sehari udah rusak",negatif
"Pengiriman agak lama tapi barangnya bagus banget, worth it",positif
"Barangnya bagus, sayang warnanya salah dan seller gak mau tanggung jawab",negatif
"Tidak ada yang kurang, semuanya perfect",positif
"Wah hebat, pesan seminggu lalu sampai sekarang belum dikirim juga",negatif
"brg sesuai pesanan, pngiriman cpt, mantaap",positif
"Zonk, isinya kosong cuma dus doang",negatif
"Kirain bakal jelek, ternyata malah awet banget",positif
"Seller ramah tapi produknya cacat, jadi percuma",negatif
