row_index,review_text,raw_llm,latency_s,input_tokens,output_tokens
1,"Puas banget belanja disini, proses cepat dan barang aman.",positif,0.1657165399985388,32.0,23.4
177,"Kualitas premium dengan harga bersahabat, recommended!",positif,0.1657165399985388,32.0,23.4
188,"Pelayanan ramah dan responsif, barang sampai lebih cepat dari estimasi.",positif,0.1657165399985388,32.0,23.4
134,"Puas banget belanja disini, proses cepat dan barang aman.",positif,0.1657165399985388,32.0,23.4
7,"Belanja disini selalu puas, kualitas terjaga.",positif,0.1657165399985388,32.0,23.4
135,"Produk original dan berfungsi dengan baik, terima kasih!",positif,0.1657165399985388,32.0,23.4
125,"Sangat mengecewakan, uang saya seperti terbuang percuma.",negatif,0.1657165399985388,32.0,23.4
180,"Mantap, sesuai gambar dan harga terjangkau.",positif,0.1657165399985388,32.0,23.4
167,"Tidak sesuai standar, banyak cacat pada produk yang diterima.",negatif,0.1657165399985388,32.0,23.4
44,"Barang datang lebih cepat dari perkiraan, kualitas top!",positif,0.1657165399985388,32.0,23.4
143,"Produknya rapi dan bersih, tidak ada cacat sama sekali.",positif,0.12579530000220984,33.1,15.4
18,"Produk original dan berfungsi dengan baik, terima kasih!",positif,0.12579530000220984,33.1,15.4
106,"Deskripsi produk menyesatkan, jauh dari kenyataan.",negatif,0.12579530000220984,33.1,15.4
68,"Sudah langganan di toko ini, kualitas selalu konsisten bagus.",positif,0.12579530000220984,33.1,15.4
136,"Bahan murahan, tidak sesuai dengan harga yang dibayarkan.",negatif,0.12579530000220984,33.1,15.4
6,Sudah bayar mahal tapi kualitas jauh dari ekspektasi.,negatif,0.12579530000220984,33.1,15.4
73,"Suka banget sama warnanya, sesuai ekspektasi.",positif,0.12579530000220984,33.1,15.4
175,"Sangat mengecewakan, uang saya seperti terbuang percuma.",negatif,0.12579530000220984,33.1,15.4
126,"Ukuran dan warna berbeda dari pesanan, sangat kecewa.",negatif,0.12579530000220984,33.1,15.4
9,"Bahan nyaman dipakai, ukuran pas, tidak mengecewakan.",positif,0.12579530000220984,33.1,15.4
69,"Kualitas produk sangat memuaskan, akan order lagi.",positif,0.1753028400009498,32.2,23.4
113,"Packing rapi, produk sesuai deskripsi. Recommended seller!",positif,0.1753028400009498,32.2,23.4
148,"Barangnya bagus banget, sesuai foto dan pengiriman cepat!",positif,0.1753028400009498,32.2,23.4
3,Warna produk berbeda jauh dari foto di listing.,negatif,0.1753028400009498,32.2,23.4
71,"Suka banget sama warnanya, sesuai ekspektasi.",positif,0.1753028400009498,32.2,23.4
47,Sudah bayar mahal tapi kualitas jauh dari ekspektasi.,negatif,0.1753028400009498,32.2,23.4
173,"Ukuran tidak sesuai, terlalu kecil dari yang dipesan.",negatif,0.1753028400009498,32.2,23.4
4,"Terima kasih seller, barangnya awet dan sesuai deskripsi.",positif,0.1753028400009498,32.2,23.4
114,Komplain tidak ditanggapi sama sekali oleh penjual.,negatif,0.1753028400009498,32.2,23.4
60,"Sangat mengecewakan, uang saya seperti terbuang percuma.",negatif,0.1753028400009498,32.2,23.4
63,"Kualitas produk jelek, baru dipakai sekali sudah rusak.",negatif,0.1557768899947405,33.5,23.4
32,"Kualitas produk jelek, baru dipakai sekali sudah rusak.",negatif,0.1557768899947405,33.5,23.4
191,Pelayanan lambat dan tidak responsif saat dikomplain.,negatif,0.1557768899947405,33.5,23.4
122,"Sangat mengecewakan, uang saya seperti terbuang percuma.",negatif,0.1557768899947405,33.5,23.4
74,"Produk palsu, bukan barang original seperti yang dijanjikan.",negatif,0.1557768899947405,33.5,23.4
197,"Produknya rapi dan bersih, tidak ada cacat sama sekali.",positif,0.1557768899947405,33.5,23.4
157,"Produk palsu, bukan barang original seperti yang dijanjikan.",negatif,0.1557768899947405,33.5,23.4
85,"Pelayanan ramah dan responsif, barang sampai lebih cepat dari estimasi.",positif,0.1557768899947405,33.5,23.4
10,"Bahan nyaman dipakai, ukuran pas, tidak mengecewakan.",positif,0.1557768899947405,33.5,23.4
193,"Fast respon, pengiriman cepat, barang aman sampai tujuan.",positif,0.1557768899947405,33.5,23.4
89,"Barangnya bagus banget, sesuai foto dan pengiriman cepat!",positif,0.16763088000006973,32.0,23.4
194,"Deskripsi produk menyesatkan, jauh dari kenyataan.",negatif,0.16763088000006973,32.0,23.4
120,"Produknya rapi dan bersih, tidak ada cacat sama sekali.",positif,0.16763088000006973,32.0,23.4
161,"Fast respon, pengiriman cepat, barang aman sampai tujuan.",positif,0.16763088000006973,32.0,23.4
42,"Ukuran dan warna berbeda dari pesanan, sangat kecewa.",negatif,0.16763088000006973,32.0,23.4
30,"Ukuran dan warna berbeda dari pesanan, sangat kecewa.",negatif,0.16763088000006973,32.0,23.4
115,"Suka banget sama warnanya, sesuai ekspektasi.",positif,0.16763088000006973,32.0,23.4
19,"Pelayanan cepat tanggap, produk berkualitas tinggi.",positif,0.16763088000006973,32.0,23.4
112,"Pengiriman lambat sekali, sudah dua minggu belum sampai.",negatif,0.16763088000006973,32.0,23.4
158,"Pengiriman berantakan, barang sampai dalam kondisi kotor.",negatif,0.16763088000006973,32.0,23.4
38,"Kualitas produk jelek, baru dipakai sekali sudah rusak.",negatif,0.18954299999750218,32.0,23.4
189,Barang tidak berfungsi sama sekali begitu diterima.,negatif,0.18954299999750218,32.0,23.4
80,"Sangat puas dengan pembelian ini, akan beli lagi di lain waktu.",positif,0.18954299999750218,32.0,23.4
88,"Harga worth it dengan kualitas yang didapat, sangat puas.",positif,0.18954299999750218,32.0,23.4
181,"Produk original dan berfungsi dengan baik, terima kasih!",positif,0.18954299999750218,32.0,23.4
127,Barang tidak berfungsi sama sekali begitu diterima.,negatif,0.18954299999750218,32.0,23.4
54,"Fast respon, pengiriman cepat, barang aman sampai tujuan.",positif,0.18954299999750218,32.0,23.4
178,"Suka banget sama warnanya, sesuai ekspektasi.",positif,0.18954299999750218,32.0,23.4
84,Respon penjual lambat dan terkesan tidak peduli komplain.,negatif,0.18954299999750218,32.0,23.4
190,"Pelayanan ramah dan responsif, barang sampai lebih cepat dari estimasi.",positif,0.18954299999750218,32.0,23.4
