row_index,review_text,actual,pred_classic,raw_llm,pred_llm,latency_llm_s
1,"Puas banget belanja disini, proses cepat dan barang aman.",positif,positif,positif,positif,0.1657165399985388
177,"Kualitas premium dengan harga bersahabat, recommended!",positif,positif,positif,positif,0.1657165399985388
188,"Pelayanan ramah dan responsif, barang sampai lebih cepat dari estimasi.",positif,positif,positif,positif,0.1657165399985388
134,"Puas banget belanja disini, proses cepat dan barang aman.",positif,positif,positif,positif,0.1657165399985388
7,"Belanja disini selalu puas, kualitas terjaga.",positif,positif,positif,positif,0.1657165399985388
135,"Produk original dan berfungsi dengan baik, terima kasih!",positif,positif,positif,positif,0.1657165399985388
125,"Sangat mengecewakan, uang saya seperti terbuang percuma.",negatif,negatif,negatif,negatif,0.1657165399985388
180,"Mantap, sesuai gambar dan harga terjangkau.",positif,positif,positif,positif,0.1657165399985388
167,"Tidak sesuai standar, banyak cacat pada produk yang diterima.",negatif,negatif,negatif,negatif,0.1657165399985388
44,"Barang datang lebih cepat dari perkiraan, kualitas top!",positif,positif,positif,positif,0.1657165399985388
143,"Produknya rapi dan bersih, tidak ada cacat sama sekali.",positif,positif,positif,positif,0.1257953000022098
18,"Produk original dan berfungsi dengan baik, terima kasih!",positif,positif,positif,positif,0.1257953000022098
106,"Deskripsi produk menyesatkan, jauh dari kenyataan.",negatif,negatif,negatif,negatif,0.1257953000022098
68,"Sudah langganan di toko ini, kualitas selalu konsisten bagus.",positif,positif,positif,positif,0.1257953000022098
136,"Bahan murahan, tidak sesuai dengan harga yang dibayarkan.",negatif,negatif,negatif,negatif,0.1257953000022098
6,Sudah bayar mahal tapi kualitas jauh dari ekspektasi.,negatif,negatif,negatif,negatif,0.1257953000022098
73,"Suka banget sama warnanya, sesuai ekspektasi.",positif,positif,positif,positif,0.1257953000022098
175,"Sangat mengecewakan, uang saya seperti terbuang percuma.",negatif,negatif,negatif,negatif,0.1257953000022098
126,"Ukuran dan warna berbeda dari pesanan, sangat kecewa.",negatif,negatif,negatif,negatif,0.1257953000022098
9,"Bahan nyaman dipakai, ukuran pas, tidak mengecewakan.",positif,positif,positif,positif,0.1257953000022098
69,"Kualitas produk sangat memuaskan, akan order lagi.",positif,positif,positif,positif,0.1753028400009498
113,"Packing rapi, produk sesuai deskripsi. Recommended seller!",positif,positif,positif,positif,0.1753028400009498
148,"Barangnya bagus banget, sesuai foto dan pengiriman cepat!",positif,positif,positif,positif,0.1753028400009498
3,Warna produk berbeda jauh dari foto di listing.,negatif,negatif,negatif,negatif,0.1753028400009498
71,"Suka banget sama warnanya, sesuai ekspektasi.",positif,positif,positif,positif,0.1753028400009498
47,Sudah bayar mahal tapi kualitas jauh dari ekspektasi.,negatif,negatif,negatif,negatif,0.1753028400009498
173,"Ukuran tidak sesuai, terlalu kecil dari yang dipesan.",negatif,negatif,negatif,negatif,0.1753028400009498
4,"Terima kasih seller, barangnya awet dan sesuai deskripsi.",positif,positif,positif,positif,0.1753028400009498
114,Komplain tidak ditanggapi sama sekali oleh penjual.,negatif,negatif,negatif,negatif,0.1753028400009498
60,"Sangat mengecewakan, uang saya seperti terbuang percuma.",negatif,negatif,negatif,negatif,0.1753028400009498
63,"Kualitas produk jelek, baru dipakai sekali sudah rusak.",negatif,negatif,negatif,negatif,0.1557768899947405
32,"Kualitas produk jelek, baru dipakai sekali sudah rusak.",negatif,negatif,negatif,negatif,0.1557768899947405
191,Pelayanan lambat dan tidak responsif saat dikomplain.,negatif,negatif,negatif,negatif,0.1557768899947405
122,"Sangat mengecewakan, uang saya seperti terbuang percuma.",negatif,negatif,negatif,negatif,0.1557768899947405
74,"Produk palsu, bukan barang original seperti yang dijanjikan.",negatif,negatif,negatif,negatif,0.1557768899947405
197,"Produknya rapi dan bersih, tidak ada cacat sama sekali.",positif,positif,positif,positif,0.1557768899947405
157,"Produk palsu, bukan barang original seperti yang dijanjikan.",negatif,negatif,negatif,negatif,0.1557768899947405
85,"Pelayanan ramah dan responsif, barang sampai lebih cepat dari estimasi.",positif,positif,positif,positif,0.1557768899947405
10,"Bahan nyaman dipakai, ukuran pas, tidak mengecewakan.",positif,positif,positif,positif,0.1557768899947405
193,"Fast respon, pengiriman cepat, barang aman sampai tujuan.",positif,positif,positif,positif,0.1557768899947405
89,"Barangnya bagus banget, sesuai foto dan pengiriman cepat!",positif,positif,positif,positif,0.1676308800000697
194,"Deskripsi produk menyesatkan, jauh dari kenyataan.",negatif,negatif,negatif,negatif,0.1676308800000697
120,"Produknya rapi dan bersih, tidak ada cacat sama sekali.",positif,positif,positif,positif,0.1676308800000697
161,"Fast respon, pengiriman cepat, barang aman sampai tujuan.",positif,positif,positif,positif,0.1676308800000697
42,"Ukuran dan warna berbeda dari pesanan, sangat kecewa.",negatif,negatif,negatif,negatif,0.1676308800000697
30,"Ukuran dan warna berbeda dari pesanan, sangat kecewa.",negatif,negatif,negatif,negatif,0.1676308800000697
115,"Suka banget sama warnanya, sesuai ekspektasi.",positif,positif,positif,positif,0.1676308800000697
19,"Pelayanan cepat tanggap, produk berkualitas tinggi.",positif,positif,positif,positif,0.1676308800000697
112,"Pengiriman lambat sekali, sudah dua minggu belum sampai.",negatif,negatif,negatif,negatif,0.1676308800000697
158,"Pengiriman berantakan, barang sampai dalam kondisi kotor.",negatif,negatif,negatif,negatif,0.1676308800000697
38,"Kualitas produk jelek, baru dipakai sekali sudah rusak.",negatif,negatif,negatif,negatif,0.1895429999975021
189,Barang tidak berfungsi sama sekali begitu diterima.,negatif,negatif,negatif,negatif,0.1895429999975021
80,"Sangat puas dengan pembelian ini, akan beli lagi di lain waktu.",positif,positif,positif,positif,0.1895429999975021
88,"Harga worth it dengan kualitas yang didapat, sangat puas.",positif,positif,positif,positif,0.1895429999975021
181,"Produk original dan berfungsi dengan baik, terima kasih!",positif,positif,positif,positif,0.1895429999975021
127,Barang tidak berfungsi sama sekali begitu diterima.,negatif,negatif,negatif,negatif,0.1895429999975021
54,"Fast respon, pengiriman cepat, barang aman sampai tujuan.",positif,positif,positif,positif,0.1895429999975021
178,"Suka banget sama warnanya, sesuai ekspektasi.",positif,positif,positif,positif,0.1895429999975021
84,Respon penjual lambat dan terkesan tidak peduli komplain.,negatif,negatif,negatif,negatif,0.1895429999975021
190,"Pelayanan ramah dan responsif, barang sampai lebih cepat dari estimasi.",positif,positif,positif,positif,0.1895429999975021
